{"count":1,"self":208.2205952,"total":1469.4979168999998,"children":{"InitializeActuators":{"count":10,"self":0.0035145999999999997,"total":0.0035145999999999997,"children":null},"InitializeSensors":{"count":10,"self":0.0060423,"total":0.0060423,"children":null},"AgentSendState":{"count":189584,"self":13.963655999999999,"total":31.772996499999998,"children":{"CollectObservations":{"count":379170,"self":3.7991287999999996,"total":3.7991287,"children":null},"WriteActionMask":{"count":379170,"self":0.3654556,"total":0.3654556,"children":null},"RequestDecision":{"count":379170,"self":1.6065713,"total":13.6447562,"children":{"AgentInfo.ToProto":{"count":379170,"self":1.3374692,"total":12.0381849,"children":{"GenerateSensorData":{"count":379170,"self":8.7935608,"total":10.7007157,"children":{"RayPerceptionSensor.Perceive":{"count":379170,"self":1.9071547999999998,"total":1.9071547,"children":null}}}}}}}}},"DecideAction":{"count":189584,"self":1222.2047232,"total":1222.2047711,"children":null},"AgentAct":{"count":189584,"self":7.2723071999999993,"total":7.2859843,"children":{"AgentInfo.ToProto":{"count":297,"self":0.0020017999999999998,"total":0.013676899999999999,"children":{"GenerateSensorData":{"count":297,"self":0.0084104,"total":0.011675099999999999,"children":{"RayPerceptionSensor.Perceive":{"count":297,"self":0.0032646999999999997,"total":0.0032646999999999997,"children":null}}}}}}},"AgentInfo.ToProto":{"count":91,"self":0.0009999,"total":0.0025328,"children":{"GenerateSensorData":{"count":91,"self":0.0015329,"total":0.0015329,"children":{"RayPerceptionSensor.Perceive":{"count":91,"self":0,"total":0,"children":null}}}}}},"gauges":{"LabyrinthNavigator.CumulativeReward":{"count":388,"max":1.71300364,"min":-5.99974775,"runningAverage":-4.46488762,"value":-5.99974775,"weightedAverage":-5.195899}},"metadata":{"timer_format_version":"0.1.0","start_time_seconds":"1777371707","unity_version":"2021.3.45f2","command_line_arguments":"C:\\Program Files\\Unity\\Hub\\Editor\\2021.3.45f2-x86_64\\Editor\\Unity.exe -projectpath C:\\Users\\Finnl\\KI_Agenten -acceptSoftwareTermsForThisRunOnly -useHub -hubIPC -cloudEnvironment production -licensingIpc LicenseClient-Finnl -hubSessionId 6818a136-8409-45e4-8348-ab1d1a44a121 -accessToken hBmPWFd7OFXXKz_Ekg5yG9iSpk60fDQqa_VGSiF9d9k008f","communication_protocol_version":"1.5.0","com.unity.ml-agents_version":"2.0.2","scene_name":"Training_MultiArea","end_time_seconds":"1777373177"}}