{"count":1,"self":12380.435251199999,"total":13653.7301347,"children":{"InitializeActuators":{"count":10,"self":0.0125959,"total":0.0125959,"children":null},"InitializeSensors":{"count":10,"self":0.0069926999999999993,"total":0.0069926999999999993,"children":null},"AgentSendState":{"count":652203,"self":249.12340479999997,"total":373.41298739999996,"children":{"CollectObservations":{"count":1304410,"self":77.5660736,"total":77.5660757,"children":null},"WriteActionMask":{"count":1304410,"self":5.2931688,"total":5.2931688999999995,"children":null},"RequestDecision":{"count":1304410,"self":26.694343999999997,"total":41.4303397,"children":{"RayPerceptionSensor.Perceive":{"count":1173969,"self":14.735996799999999,"total":14.7359961,"children":null}}}}},"DecideAction":{"count":652203,"self":650.0071424,"total":651.79959839999992,"children":{"RayPerceptionSensor.Perceive":{"count":130441,"self":1.7924335999999998,"total":1.7924335,"children":null}}},"AgentAct":{"count":652203,"self":247.8231552,"total":248.0603755,"children":{"RayPerceptionSensor.Perceive":{"count":9783,"self":0.23722739999999998,"total":0.23722739999999998,"children":null}}}},"gauges":{"LabyrinthNavigator.CumulativeReward":{"count":11067,"max":2.73080659,"min":-10.7671,"runningAverage":-8.992704,"value":-9.301987,"weightedAverage":-9.185383}},"metadata":{"timer_format_version":"0.1.0","start_time_seconds":"1779186602","unity_version":"2021.3.45f2","command_line_arguments":"C:\\Users\\ekate\\Programmieren\\Srudienarbeit\\2021.3.45f2\\Editor\\Unity.exe -projectpath C:\\Users\\ekate\\Documents\\5_Semester\\Studienarbeit\\KI_Agenten -acceptSoftwareTermsForThisRunOnly -useHub -hubIPC -cloudEnvironment production -licensingIpc LicenseClient-ekate -hubSessionId ea09dfa7-9440-469a-b735-dade55ffc9b0 -accessToken V4WVrbjIv0uAFSxOpmnBL83bAbSQYPIDf7CXoszGNXs008f","communication_protocol_version":"1.5.0","com.unity.ml-agents_version":"2.0.2","scene_name":"Training_MultiArea","end_time_seconds":"1779200256"}}