{"count":1,"self":1020.0016896,"total":8622.0506006,"children":{"InitializeActuators":{"count":16,"self":0.0033319,"total":0.0033319,"children":null},"InitializeSensors":{"count":16,"self":0.0060571,"total":0.0060571,"children":null},"AgentSendState":{"count":861651,"self":191.1836416,"total":336.344177,"children":{"CollectObservations":{"count":2757296,"self":43.5812064,"total":43.5812056,"children":null},"WriteActionMask":{"count":2757296,"self":2.7175583999999997,"total":2.7175583,"children":null},"RequestDecision":{"count":2757296,"self":11.6654128,"total":98.8617664,"children":{"AgentInfo.ToProto":{"count":2757296,"self":9.2797919999999987,"total":87.1963538,"children":{"GenerateSensorData":{"count":2757296,"self":63.837139199999996,"total":77.9165617,"children":{"RayPerceptionSensor.Perceive":{"count":2757296,"self":14.079422399999999,"total":14.0794228,"children":null}}}}}}}}},"DecideAction":{"count":861651,"self":7190.8048896,"total":7190.8049385999993,"children":null},"AgentAct":{"count":861651,"self":74.157472,"total":74.213616,"children":{"AgentInfo.ToProto":{"count":1051,"self":0.0100631,"total":0.0561433,"children":{"GenerateSensorData":{"count":1051,"self":0.040551899999999995,"total":0.046080199999999995,"children":{"RayPerceptionSensor.Perceive":{"count":1051,"self":0.0055283,"total":0.0055283,"children":null}}}}}}},"AgentInfo.ToProto":{"count":9563,"self":0.11316599999999999,"total":0.6748268,"children":{"GenerateSensorData":{"count":9563,"self":0.46659599999999996,"total":0.5616608,"children":{"RayPerceptionSensor.Perceive":{"count":9563,"self":0.095064799999999991,"total":0.095064799999999991,"children":null}}}}}},"gauges":{"LabyrinthNavigator.CumulativeReward":{"count":10614,"max":609.277344,"min":-3.48746562,"runningAverage":3.25613761,"value":6.470439,"weightedAverage":8.370853}},"metadata":{"timer_format_version":"0.1.0","start_time_seconds":"1778502152","unity_version":"2021.3.45f2","command_line_arguments":"C:\\Program Files\\Unity\\Hub\\Editor\\2021.3.45f2-x86_64\\Editor\\Unity.exe -projectpath C:\\Users\\Finnl\\KI_Agenten -acceptSoftwareTermsForThisRunOnly -useHub -hubIPC -cloudEnvironment production -licensingIpc LicenseClient-Finnl -hubSessionId 6818a136-8409-45e4-8348-ab1d1a44a121 -accessToken zMT7_vHE8NaId2FwSWgvbYHcvAQuYrrmlYUvEk9687M008f","communication_protocol_version":"1.5.0","com.unity.ml-agents_version":"2.0.2","scene_name":"Transformer_Test_V2","end_time_seconds":"1778510773"}}